{
  "test_metadata": {
    "constraints": {
      "cpu_ghz": 2.0,
      "ram_gb": 16.0
    },
    "timestamp": 1768197569.0239058,
    "duration_seconds": 93.7352352142334
  },
  "performance_results": {
    "binary_protocol_p99_ms": 0.0013529788702726364,
    "sensor_timestamps_p99_ms": 0.001642969436943531,
    "ipc_bridge_p99_ms": 0.0033859978429973125,
    "motion_control_p99_ms": 0.048820977099239826,
    "end_to_end_p99_ms": 0.003937981091439724
  },
  "stress_results": {
    "cpu_stress": {
      "duration_seconds": 15,
      "avg_cpu_usage": 2.5584507042253524,
      "max_cpu_usage": 9.9,
      "within_limit": true
    },
    "memory_stress": {
      "peak_memory_percent": 53.7,
      "avg_memory_percent": 43.80528455284553,
      "within_limit": true,
      "memory_limit_gb": 16.0
    },
    "combined_stress": {
      "duration_seconds": 10,
      "avg_cpu_usage": 3.5215384615384617,
      "avg_memory_usage": 35.175384615384615,
      "max_cpu_usage": 9.2,
      "max_memory_usage": 35.5,
      "cpu_within_limit": true,
      "memory_within_limit": true
    }
  },
  "budget_analysis": {
    "performance_compliance": {
      "binary_protocol_p99_ms": {
        "actual": 0.0013529788702726364,
        "limit": 5.0,
        "compliant": true,
        "margin": 4.998647021129727
      },
      "ipc_bridge_p99_ms": {
        "actual": 0.0033859978429973125,
        "limit": 10.0,
        "compliant": true,
        "margin": 9.996614002157003
      },
      "motion_control_p99_ms": {
        "actual": 0.048820977099239826,
        "limit": 50.0,
        "compliant": true,
        "margin": 49.95117902290076
      },
      "end_to_end_p99_ms": {
        "actual": 0.003937981091439724,
        "limit": 15.0,
        "compliant": true,
        "margin": 14.99606201890856
      }
    },
    "resource_requirements": {
      "cpu_cores_required": 1,
      "memory_gb_required": 16.0,
      "cpu_freq_mhz_required": 2000,
      "power_budget_watts": 55.0,
      "thermal_budget_celsius": 75
    },
    "bottlenecks": [],
    "recommendations": [
      "\u2705 Resources adequate for 2GHz/16GB constraints",
      "\u2705 All performance requirements met under resource constraints"
    ]
  },
  "system_monitoring": {
    "cpu_percent": [
      4.1,
      2.7,
      2.1,
      2.1,
      2.8,
      2.4,
      14.5,
      2.3,
      2.3,
      2.2,
      2.1,
      2.7,
      3.1,
      2.1,
      9.9,
      10.1,
      3.9,
      2.3,
      2.2,
      2.4,
      2.3,
      4.1,
      2.6,
      2.3,
      2.5,
      2.5,
      2.4,
      2.4,
      2.6,
      2.3,
      2.3,
      2.7,
      2.3,
      2.4,
      2.5,
      2.4,
      2.4,
      2.3,
      2.3,
      2.3,
      2.5,
      2.3,
      2.8,
      2.5,
      2.3,
      2.4,
      2.3,
      2.3,
      2.3,
      2.6,
      2.3,
      2.4,
      2.7,
      2.3,
      2.3,
      2.4,
      2.5,
      2.4,
      2.3,
      3.6,
      2.4,
      2.4,
      2.3,
      2.4,
      2.5,
      2.5,
      15.1,
      2.6,
      2.4,
      2.4,
      2.5,
      2.4,
      3.1,
      2.7,
      2.6,
      2.4,
      2.5,
      2.4,
      2.4,
      2.7,
      2.3,
      9.5,
      4.0,
      13.0,
      2.6,
      3.6,
      3.1,
      2.6,
      3.2,
      3.5,
      5.6,
      2.8,
      3.0,
      5.4
    ],
    "memory_percent": [
      34.4,
      34.4,
      34.4,
      34.4,
      34.4,
      34.4,
      34.6,
      34.6,
      34.6,
      34.6,
      34.6,
      34.6,
      34.6,
      34.6,
      34.5,
      34.0,
      34.0,
      33.9,
      33.9,
      33.9,
      33.9,
      33.9,
      33.9,
      33.9,
      33.9,
      33.9,
      33.9,
      33.9,
      33.9,
      33.9,
      33.9,
      34.3,
      34.6,
      35.0,
      35.5,
      35.8,
      36.2,
      36.6,
      36.9,
      37.3,
      37.7,
      38.0,
      38.4,
      38.8,
      39.1,
      39.5,
      39.8,
      40.2,
      40.6,
      41.0,
      41.3,
      41.7,
      42.1,
      42.4,
      42.8,
      43.2,
      43.5,
      43.9,
      44.3,
      44.7,
      45.1,
      45.4,
      45.8,
      46.1,
      46.5,
      46.9,
      47.5,
      47.9,
      48.2,
      48.6,
      48.9,
      49.3,
      49.7,
      50.0,
      50.4,
      50.8,
      51.1,
      51.5,
      51.9,
      52.2,
      52.6,
      52.9,
      53.2,
      35.2,
      35.1,
      35.3,
      35.4,
      35.4,
      35.3,
      35.0,
      35.0,
      35.0,
      35.0,
      35.1
    ],
    "memory_mb": [
      23253.21484375,
      23259.2734375,
      23259.44921875,
      23252.9609375,
      23268.2890625,
      23256.58984375,
      23391.54296875,
      23387.2109375,
      23378.88671875,
      23370.640625,
      23365.05859375,
      23359.0625,
      23344.87890625,
      23338.7109375,
      23306.7734375,
      22970.25390625,
      22959.4765625,
      22932.1484375,
      22920.796875,
      22919.12109375,
      22917.64453125,
      22954.15625,
      22945.5234375,
      22943.69921875,
      22945.94140625,
      22947.125,
      22944.09765625,
      22947.02734375,
      22946.421875,
      22931.79296875,
      22931.40234375,
      23196.640625,
      23394.54296875,
      23651.859375,
      23917.328125,
      24118.62109375,
      24366.375,
      24626.28515625,
      24822.8359375,
      25082.23046875,
      25316.546875,
      25522.91015625,
      25773.76953125,
      26023.37109375,
      26224.234375,
      26467.7109375,
      26696.0390625,
      26909.7578125,
      27173.26171875,
      27428.296875,
      27635.390625,
      27885.984375,
      28128.61328125,
      28327.05078125,
      28585.2265625,
      28833.890625,
      29032.30078125,
      29295.1171875,
      29495.2421875,
      29772.26171875,
      30008.81640625,
      30198.92578125,
      30461.1328125,
      30690.328125,
      30900.90234375,
      31157.05859375,
      31567.39453125,
      31777.20703125,
      32018.203125,
      32261.37109375,
      32435.47265625,
      32700.66015625,
      32941.70703125,
      33146.76171875,
      33399.65234375,
      33648.66796875,
      33829.96484375,
      34085.453125,
      34324.57421875,
      34518.37109375,
      34760.0234375,
      34968.875,
      35181.1640625,
      23752.01953125,
      23701.23828125,
      23785.15234375,
      23894.9609375,
      23875.96875,
      23800.92578125,
      23642.53125,
      23638.54296875,
      23624.765625,
      23636.82421875,
      23671.1953125
    ],