{
  "timestamp": 1768195128.5139325,
  "test_suite": "URC 2026 Performance Baseline",
  "results": {
    "binary_protocol": {
      "iterations": 5000,
      "mean_ms": 0.0012978185550309718,
      "median_ms": 0.0012819655239582062,
      "p50_ms": 0.0012819655239582062,
      "p90_ms": 0.0013229437172412872,
      "p95_ms": 0.001341977622359991,
      "p99_ms": 0.0018629943951964378,
      "p999_ms": 0.004649045877158642,
      "min_ms": 0.001192034687846899,
      "max_ms": 0.01361599424853921,
      "std_dev_ms": 0.0002475431147216087,
      "json_comparison": {
        "json_p99_ms": 0.007383991032838821,
        "improvement_factor": 3.963506842467037
      }
    },
    "sensor_timestamps": {
      "iterations": 3000,
      "mean_ms": 0.0014004571130499244,
      "median_ms": 0.0013829558156430721,
      "p50_ms": 0.0013829558156430721,
      "p90_ms": 0.0014230026863515377,
      "p95_ms": 0.001433014404028654,
      "p99_ms": 0.0017329584807157516,
      "p999_ms": 0.00503897899761796,
      "min_ms": 0.0012820237316191196,
      "max_ms": 0.010710034985095263,
      "std_dev_ms": 0.0002488997481194055
    },
    "ipc_bridge": {
      "iterations": 1000,
      "mean_ms": 0.0015810171025805175,
      "median_ms": 0.0015120021998882294,
      "p50_ms": 0.0015120021998882294,
      "p90_ms": 0.0015629921108484268,
      "p95_ms": 0.001742970198392868,
      "p99_ms": 0.0028650392778217793,
      "p999_ms": 0.014116987586021423,
      "min_ms": 0.001402979250997305,
      "max_ms": 0.014116987586021423,
      "std_dev_ms": 0.000513605129048041
    },
    "motion_control": {
      "iterations": 500,
      "mean_ms": 0.018754893681034446,
      "median_ms": 0.018359976820647717,
      "p50_ms": 0.01837499439716339,
      "p90_ms": 0.02567801857367158,
      "p95_ms": 0.028203008696436882,
      "p99_ms": 0.032461946830153465,
      "p999_ms": 0.04070700379088521,
      "min_ms": 0.004738976713269949,
      "max_ms": 0.04070700379088521,
      "std_dev_ms": 0.005394159036556105,
      "deadline_violations": 0,
      "violation_rate_percent": 0.0,
      "target_period_ms": 20.0
    },
    "end_to_end": {
      "iterations": 2000,
      "mean_ms": 0.0032454041647724807,
      "median_ms": 0.0030959490686655045,
      "p50_ms": 0.0030959490686655045,
      "p90_ms": 0.0031859963200986385,
      "p95_ms": 0.005130015779286623,
      "p99_ms": 0.0056810094974935055,
      "p999_ms": 0.011652009561657906,
      "min_ms": 0.002956017851829529,
      "max_ms": 0.031208968721330166,
      "std_dev_ms": 0.0008695838878979668
    },
    "stress_tests": {
      "ipc_bridge_concurrent": {
        "concurrent_operations": 2000,
        "p99_latency_ms": 0.0025850022211670876,
        "mean_latency_ms": 0.0016568877326790243,
        "success": true
      },
      "memory_stress": {
        "initial_memory_mb": 32.578125,
        "final_memory_mb": 32.578125,
        "memory_increase_mb": 0.0,
        "acceptable_increase_mb": 50.0,
        "memory_leak_detected": false
      },
      "high_frequency": {
        "target_frequency_hz": 200.0,
        "operations_completed": 988,
        "expected_operations": 1000,
        "completion_rate_percent": 98.8,
        "p99_latency_ms": 0.03394397208467126,
        "success": true
      }
    }
  },
  "requirements": {
    "binary_protocol": {
      "description": "Binary protocol serialization/deserialization",
      "max_p99_ms": 1.0,
      "max_violation_rate_percent": 0.0,
      "result": {
        "iterations": 5000,
        "mean_ms": 0.0012978185550309718,
        "median_ms": 0.0012819655239582062,
        "p50_ms": 0.0012819655239582062,
        "p90_ms": 0.0013229437172412872,
        "p95_ms": 0.001341977622359991,
        "p99_ms": 0.0018629943951964378,
        "p999_ms": 0.004649045877158642,
        "min_ms": 0.001192034687846899,
        "max_ms": 0.01361599424853921,
        "std_dev_ms": 0.0002475431147216087,
        "json_comparison": {
          "json_p99_ms": 0.007383991032838821,
          "improvement_factor": 3.963506842467037
        }
      },
      "compliant": true
    },
    "sensor_timestamps": {
      "description": "Sensor timestamp tagging with latency correction",
      "max_p99_ms": 1.0,
      "max_violation_rate_percent": 0.0,
      "result": {
        "iterations": 3000,
        "mean_ms": 0.0014004571130499244,
        "median_ms": 0.0013829558156430721,
        "p50_ms": 0.0013829558156430721,
        "p90_ms": 0.0014230026863515377,
        "p95_ms": 0.001433014404028654,
        "p99_ms": 0.0017329584807157516,
        "p999_ms": 0.00503897899761796,
        "min_ms": 0.0012820237316191196,
        "max_ms": 0.010710034985095263,
        "std_dev_ms": 0.0002488997481194055
      },
      "compliant": true
    },
    "ipc_motion_bridge": {
      "description": "IPC motion control bridge roundtrip",
      "max_p99_ms": 5.0,
      "max_violation_rate_percent": 0.0,
      "result": {},
      "compliant": false
    },
    "motion_control_loop": {
      "description": "Complete motion control loop (50Hz)",
      "max_p99_ms": 20.0,
      "max_violation_rate_percent": 1.0,
      "result": {},
      "compliant": false
    },
    "end_to_end_pipeline": {
      "description": "Complete sensor pipeline: raw \u2192 timestamped \u2192 binary",
      "max_p99_ms": 5.0,
      "max_violation_rate_percent": 0.0,
      "result": {},
      "compliant": false
    }
  },
  "compliance": {
    "compliant_requirements": 2,
    "total_requirements": 5,
    "compliance_rate_percent": 40.0,
    "overall_pass": false
  },
  "recommendations": [
    "Performance requirements not met - investigate bottlenecks",
    ".1f"
  ]
}