{
  "timestamp": 1768195494.7507806,
  "test_suite": "URC 2026 Performance Baseline",
  "results": {
    "binary_protocol": {
      "iterations": 5000,
      "mean_ms": 0.0013315921765752136,
      "median_ms": 0.0012820237316191196,
      "p50_ms": 0.0012820237316191196,
      "p90_ms": 0.0013230019249022007,
      "p95_ms": 0.0013830140233039856,
      "p99_ms": 0.0022440217435359955,
      "p999_ms": 0.006432004738599062,
      "min_ms": 0.0012020464055240154,
      "max_ms": 0.01572998007759452,
      "std_dev_ms": 0.00035190855724924426,
      "json_comparison": {
        "json_p99_ms": 0.007794005796313286,
        "improvement_factor": 3.4732309607802447
      }
    },
    "sensor_timestamps": {
      "iterations": 3000,
      "mean_ms": 0.001403298054356128,
      "median_ms": 0.0013730023056268692,
      "p50_ms": 0.0013730023056268692,
      "p90_ms": 0.0014230026863515377,
      "p95_ms": 0.0014430261217057705,
      "p99_ms": 0.0017430284060537815,
      "p999_ms": 0.007203023415058851,
      "min_ms": 0.0012819655239582062,
      "max_ms": 0.01789303496479988,
      "std_dev_ms": 0.00040931243048530506
    },
    "ipc_bridge": {
      "iterations": 1000,
      "mean_ms": 0.0015426678583025932,
      "median_ms": 0.0015129917301237583,
      "p50_ms": 0.0015129917301237583,
      "p90_ms": 0.0015529803931713104,
      "p95_ms": 0.0015730038285255432,
      "p99_ms": 0.0018730061128735542,
      "p999_ms": 0.014076998922973871,
      "min_ms": 0.0014220131561160088,
      "max_ms": 0.014076998922973871,
      "std_dev_ms": 0.00047167816509949235
    },
    "motion_control": {
      "iterations": 500,
      "mean_ms": 0.020846876897849143,
      "median_ms": 0.02070897608064115,
      "p50_ms": 0.02071895869448781,
      "p90_ms": 0.027702015358954668,
      "p95_ms": 0.030337017960846424,
      "p99_ms": 0.033754040487110615,
      "p999_ms": 0.03612798172980547,
      "min_ms": 0.007304013706743717,
      "max_ms": 0.03612798172980547,
      "std_dev_ms": 0.005407167544688243,
      "deadline_violations": 0,
      "violation_rate_percent": 0.0,
      "target_period_ms": 20.0
    },
    "end_to_end": {
      "iterations": 2000,
      "mean_ms": 0.003434814017964527,
      "median_ms": 0.003056018613278866,
      "p50_ms": 0.003056018613278866,
      "p90_ms": 0.0049889786168932915,
      "p95_ms": 0.0050889793783426285,
      "p99_ms": 0.005659996531903744,
      "p999_ms": 0.026219990104436874,
      "min_ms": 0.0028859940357506275,
      "max_ms": 0.07133500184863806,
      "std_dev_ms": 0.0018399347624424337
    },
    "stress_tests": {
      "ipc_bridge_concurrent": {
        "concurrent_operations": 2000,
        "p99_latency_ms": 0.0025850022211670876,
        "mean_latency_ms": 0.0016647742304485291,
        "success": true
      },
      "memory_stress": {
        "initial_memory_mb": 32.35546875,
        "final_memory_mb": 32.35546875,
        "memory_increase_mb": 0.0,
        "acceptable_increase_mb": 50.0,
        "memory_leak_detected": false
      },
      "high_frequency": {
        "target_frequency_hz": 200.0,
        "operations_completed": 989,
        "expected_operations": 1000,
        "completion_rate_percent": 98.9,
        "p99_latency_ms": 0.0191659783013165,
        "success": true
      }
    }
  },
  "requirements": {
    "binary_protocol": {
      "description": "Binary protocol serialization/deserialization",
      "max_p99_ms": 1.0,
      "max_violation_rate_percent": 0.0,
      "result": {
        "iterations": 5000,
        "mean_ms": 0.0013315921765752136,
        "median_ms": 0.0012820237316191196,
        "p50_ms": 0.0012820237316191196,
        "p90_ms": 0.0013230019249022007,
        "p95_ms": 0.0013830140233039856,
        "p99_ms": 0.0022440217435359955,
        "p999_ms": 0.006432004738599062,
        "min_ms": 0.0012020464055240154,
        "max_ms": 0.01572998007759452,
        "std_dev_ms": 0.00035190855724924426,
        "json_comparison": {
          "json_p99_ms": 0.007794005796313286,
          "improvement_factor": 3.4732309607802447
        }
      },
      "compliant": true
    },
    "sensor_timestamps": {
      "description": "Sensor timestamp tagging with latency correction",
      "max_p99_ms": 1.0,
      "max_violation_rate_percent": 0.0,
      "result": {
        "iterations": 3000,
        "mean_ms": 0.001403298054356128,
        "median_ms": 0.0013730023056268692,
        "p50_ms": 0.0013730023056268692,
        "p90_ms": 0.0014230026863515377,
        "p95_ms": 0.0014430261217057705,
        "p99_ms": 0.0017430284060537815,
        "p999_ms": 0.007203023415058851,
        "min_ms": 0.0012819655239582062,
        "max_ms": 0.01789303496479988,
        "std_dev_ms": 0.00040931243048530506
      },
      "compliant": true
    },
    "ipc_motion_bridge": {
      "description": "IPC motion control bridge roundtrip",
      "max_p99_ms": 5.0,
      "max_violation_rate_percent": 0.0,
      "result": {},
      "compliant": false
    },
    "motion_control_loop": {
      "description": "Complete motion control loop (50Hz)",
      "max_p99_ms": 20.0,
      "max_violation_rate_percent": 1.0,
      "result": {},
      "compliant": false
    },
    "end_to_end_pipeline": {
      "description": "Complete sensor pipeline: raw \u2192 timestamped \u2192 binary",
      "max_p99_ms": 5.0,
      "max_violation_rate_percent": 0.0,
      "result": {},
      "compliant": false
    }
  },
  "compliance": {
    "compliant_requirements": 2,
    "total_requirements": 5,
    "compliance_rate_percent": 40.0,
    "overall_pass": false
  },
  "recommendations": [
    "Performance requirements not met - investigate bottlenecks",
    ".1f"
  ]
}